AccessionID,AccessionName,HasSeed,Project,PopulationName,NumberOfMaternalLines,DateCollected,Latitude,Longitude,Altitude,StorageLocation,Source,ExternalID,Notes,FatherAccessionID,MotherAccessionID,SeedRemaining,seedling location
A25001,LB-U-1,?,E.melliodora,LB-U,1,?,,,,,Linda,,,,,,
A25002,LB-U-2,?,E.melliodora,LB-U,1,?,,,,,Linda,,,,,,
A25003,LB-U-3,?,E.melliodora,LB-U,1,?,,,,,Linda,,,,,,
A25004,LB-U-4,?,E.melliodora,LB-U,1,?,,,,,Linda,,,,,,
A25005,LB-U-5,?,E.melliodora,LB-U,1,?,,,,,Linda,,,,,,
A25006,LB-U-6,?,E.melliodora,LB-U,1,?,,,,,Linda,,,,,,
A25007,LB-U-7,?,E.melliodora,LB-U,1,?,,,,,Linda,,,,,,
A25008,LB-U-8,?,E.melliodora,LB-U,1,?,,,,,Linda,,,,,,
A25009,LB-U-9,?,E.melliodora,LB-U,1,?,,,,,Linda,,,,,,
A25010,LB-U-10,?,E.melliodora,LB-U,1,?,,,,,Linda,,,,,,
A25011,LB-P-1,?,E.melliodora,LB-P,1,?,,,,,Linda,,,,,,
A25012,LB-P-2,?,E.melliodora,LB-P,1,?,,,,,Linda,,,,,,
A25013,LB-P-3,?,E.melliodora,LB-P,1,?,,,,,Linda,,,,,,
A25014,LB-P-4,?,E.melliodora,LB-P,1,?,,,,,Linda,,,,,,
A25015,LB-P-5,?,E.melliodora,LB-P,1,?,,,,,Linda,,,,,,
A25016,LB-P-6,?,E.melliodora,LB-P,1,?,,,,,Linda,,,,,,
A25017,LB-P-7,?,E.melliodora,LB-P,1,?,,,,,Linda,,,,,,
A25018,LB-P-8,?,E.melliodora,LB-P,1,?,,,,,Linda,,,,,,
A25019,LB-P-9,?,E.melliodora,LB-P,1,?,,,,,Linda,,,,,,
A25020,LB-P-10,?,E.melliodora,LB-P,1,?,,,,,Linda,,,,,,
A25021,LB-G-1,?,E.melliodora,LB-G,1,?,,,,,Linda,,,,,,
A25022,LB-G-2,?,E.melliodora,LB-G,1,?,,,,,Linda,,,,,,
A25023,LB-G-3,?,E.melliodora,LB-G,1,?,,,,,Linda,,,,,,
A25024,LB-G-4,?,E.melliodora,LB-G,1,?,,,,,Linda,,,,,,
A25025,LB-G-5,?,E.melliodora,LB-G,1,?,,,,,Linda,,,,,,
A25026,LB-G-6,?,E.melliodora,LB-G,1,?,,,,,Linda,,,,,,
A25027,LB-G-7,?,E.melliodora,LB-G,1,?,,,,,Linda,,,,,,
A25028,LB-G-8,?,E.melliodora,LB-G,1,?,,,,,Linda,,,,,,
A25029,LB-G-9,?,E.melliodora,LB-G,1,?,,,,,Linda,,,,,,
A25030,LB-G-10,?,E.melliodora,LB-G,1,?,,,,,Linda,,,,,,
A25031,LB-W1-1,?,E.melliodora,LB-W1,1,?,,,,,Linda,,,,,,
A25032,LB-W1-2,?,E.melliodora,LB-W1,1,?,,,,,Linda,,,,,,
A25033,LB-W1-3,?,E.melliodora,LB-W1,1,?,,,,,Linda,,,,,,
A25034,LB-W1-4,?,E.melliodora,LB-W1,1,?,,,,,Linda,,,,,,
A25035,LB-W1-5,?,E.melliodora,LB-W1,1,?,,,,,Linda,,,,,,
A25036,LB-W1-6,?,E.melliodora,LB-W1,1,?,,,,,Linda,,,,,,
A25037,LB-W1-7,?,E.melliodora,LB-W1,1,?,,,,,Linda,,,,,,
A25038,LB-W1-8,?,E.melliodora,LB-W1,1,?,,,,,Linda,,,,,,
A25039,LB-W1-9,?,E.melliodora,LB-W1,1,?,,,,,Linda,,,,,,
A25040,LB-W1-10,?,E.melliodora,LB-W1,1,?,,,,,Linda,,,,,,
A25041,LB-H-1,?,E.melliodora,LB-H,1,?,,,,,Linda,,,,,,
A25042,LB-H-2,?,E.melliodora,LB-H,1,?,,,,,Linda,,,,,,
A25043,LB-H-3,?,E.melliodora,LB-H,1,?,,,,,Linda,,,,,,
A25044,LB-H-4,?,E.melliodora,LB-H,1,?,,,,,Linda,,,,,,
A25045,LB-H-5,?,E.melliodora,LB-H,1,?,,,,,Linda,,,,,,
A25046,LB-H-6,?,E.melliodora,LB-H,1,?,,,,,Linda,,,,,,
A25047,LB-H-7,?,E.melliodora,LB-H,1,?,,,,,Linda,,,,,,
A25048,LB-H-8,?,E.melliodora,LB-H,1,?,,,,,Linda,,,,,,
A25049,LB-H-9,?,E.melliodora,LB-H,1,?,,,,,Linda,,,,,,
A25050,LB-H-10,?,E.melliodora,LB-H,1,?,,,,,Linda,,,,,,
A25051,LB-M-3,?,E.melliodora,LB-M,1,?,,,,,Linda,,,,,,
A25052,LB-M-4,?,E.melliodora,LB-M,1,?,,,,,Linda,,,,,,
A25053,LB-M-5,?,E.melliodora,LB-M,1,?,,,,,Linda,,,,,,
A25054,LB-D-1,?,E.melliodora,LB-D,1,?,,,,,Linda,,,,,,
A25055,LB-D-2,?,E.melliodora,LB-D,1,?,,,,,Linda,,,,,,
A25056,LB-D-3,?,E.melliodora,LB-D,1,?,,,,,Linda,,,,,,
A25057,LB-D-4,?,E.melliodora,LB-D,1,?,,,,,Linda,,,,,,
A25058,LB-D-5,?,E.melliodora,LB-D,1,?,,,,,Linda,,,,,,
A25059,LB-D-6,?,E.melliodora,LB-D,1,?,,,,,Linda,,,,,,
A25060,LB-D-7,?,E.melliodora,LB-D,1,?,,,,,Linda,,,,,,
A25061,LB-D-8,?,E.melliodora,LB-D,1,?,,,,,Linda,,,,,,
A25062,LB-D-9,?,E.melliodora,LB-D,1,?,,,,,Linda,,,,,,
A25063,LB-D-10,?,E.melliodora,LB-D,1,?,,,,,Linda,,,,,,
A25064,LB-V-1,?,E.melliodora,LB-V,1,?,,,,,Linda,,,,,,
A25065,LB-V-2,?,E.melliodora,LB-V,1,?,,,,,Linda,,,,,,
A25066,LB-V-3,?,E.melliodora,LB-V,1,?,,,,,Linda,,,,,,
A25067,LB-V-4,?,E.melliodora,LB-V,1,?,,,,,Linda,,,,,,
A25068,LB-V-5,?,E.melliodora,LB-V,1,?,,,,,Linda,,,,,,
A25069,LB-V-6,?,E.melliodora,LB-V,1,?,,,,,Linda,,,,,,
A25070,LB-V-7,?,E.melliodora,LB-V,1,?,,,,,Linda,,,,,,
A25071,LB-V-8,?,E.melliodora,LB-V,1,?,,,,,Linda,,,,,,
A25072,LB-V-9,?,E.melliodora,LB-V,1,?,,,,,Linda,,,,,,
A25073,LB-V-10,?,E.melliodora,LB-V,1,?,,,,,Linda,,,,,,
A25074,LB-A-2,?,E.melliodora,LB-A,1,?,,,,,Linda,,,,,,
A25075,LB-A-3,?,E.melliodora,LB-A,1,?,,,,,Linda,,,,,,
A25076,LB-A-4,?,E.melliodora,LB-A,1,?,,,,,Linda,,,,,,
A25077,LB-A-5,?,E.melliodora,LB-A,1,?,,,,,Linda,,,,,,
A25078,LB-A-6,?,E.melliodora,LB-A,1,?,,,,,Linda,,,,,,
A25079,LB-A-7,?,E.melliodora,LB-A,1,?,,,,,Linda,,,,,,
A25080,LB-A-8,?,E.melliodora,LB-A,1,?,,,,,Linda,,,,,,
A25081,LB-A-9,?,E.melliodora,LB-A,1,?,,,,,Linda,,,,,,
A25082,LB-A-10,?,E.melliodora,LB-A,1,?,,,,,Linda,,,,,,
A25083,LB-A-11,?,E.melliodora,LB-A,1,?,,,,,Linda,,,,,,
A25084,LB-1-1,?,E.melliodora,LB-1,1,?,,,,,Linda,,,,,,
A25085,LB-1-2,?,E.melliodora,LB-1,1,?,,,,,Linda,,,,,,
A25086,LB-1-3,?,E.melliodora,LB-1,1,?,,,,,Linda,,,,,,
A25087,LB-1-4,?,E.melliodora,LB-1,1,?,,,,,Linda,,,,,,
A25088,LB-1-5,?,E.melliodora,LB-1,1,?,,,,,Linda,,,,,,
A25089,LB-1-6,?,E.melliodora,LB-1,1,?,,,,,Linda,,,,,,
A25090,LB-1-7,?,E.melliodora,LB-1,1,?,,,,,Linda,,,,,,
A25091,LB-1-8,?,E.melliodora,LB-1,1,?,,,,,Linda,,,,,,
A25092,LB-1-9,?,E.melliodora,LB-1,1,?,,,,,Linda,,,,,,
A25093,LB-1-10,?,E.melliodora,LB-1,1,?,,,,,Linda,,,,,,
A25094,LB-C-1,?,E.melliodora,LB-C,1,?,,,,,Linda,,,,,,
A25095,LB-C-2,?,E.melliodora,LB-C,1,?,,,,,Linda,,,,,,
A25096,LB-C-3,?,E.melliodora,LB-C,1,?,,,,,Linda,,,,,,
A25097,LB-C-4,?,E.melliodora,LB-C,1,?,,,,,Linda,,,,,,
A25098,LB-C-5,?,E.melliodora,LB-C,1,?,,,,,Linda,,,,,,
A25099,LB-C-6,?,E.melliodora,LB-C,1,?,,,,,Linda,,,,,,
A25100,LB-C-7,?,E.melliodora,LB-C,1,?,,,,,Linda,,,,,,
A25101,LB-C-8,?,E.melliodora,LB-C,1,?,,,,,Linda,,,,,,
A25102,LB-C-9,?,E.melliodora,LB-C,1,?,,,,,Linda,,,,,,
A25103,LB-N2-1,?,E.melliodora,LB-N2,1,?,,,,,Linda,,,,,,
A25104,LB-N2-2,?,E.melliodora,LB-N2,1,?,,,,,Linda,,,,,,
A25105,LB-N2-3,?,E.melliodora,LB-N2,1,?,,,,,Linda,,,,,,
A25106,LB-N2-4,?,E.melliodora,LB-N2,1,?,,,,,Linda,,,,,,
A25107,LB-N2-5,?,E.melliodora,LB-N2,1,?,,,,,Linda,,,,,,
A25108,LB-N2-6,?,E.melliodora,LB-N2,1,?,,,,,Linda,,,,,,
A25109,LB-N2-7,?,E.melliodora,LB-N2,1,?,,,,,Linda,,,,,,
A25110,LB-N2-8,?,E.melliodora,LB-N2,1,?,,,,,Linda,,,,,,
A25111,LB-N2-9,?,E.melliodora,LB-N2,1,?,,,,,Linda,,,,,,
A25112,LB-N2-10,?,E.melliodora,LB-N2,1,?,,,,,Linda,,,,,,
A25113,LB-N1-1,?,E.melliodora,LB-N1,1,?,,,,,Linda,,,,,,
A25114,LB-N1-2,?,E.melliodora,LB-N1,1,?,,,,,Linda,,,,,,
A25115,LB-N1-3,?,E.melliodora,LB-N1,1,?,,,,,Linda,,,,,,
A25116,LB-N1-4,?,E.melliodora,LB-N1,1,?,,,,,Linda,,,,,,
A25117,LB-N1-5,?,E.melliodora,LB-N1,1,?,,,,,Linda,,,,,,
A25118,LB-N1-6,?,E.melliodora,LB-N1,1,?,,,,,Linda,,,,,,
A25119,LB-N1-7,?,E.melliodora,LB-N1,1,?,,,,,Linda,,,,,,
A25120,LB-N1-8,?,E.melliodora,LB-N1,1,?,,,,,Linda,,,,,,
A25121,LB-N1-9,?,E.melliodora,LB-N1,1,?,,,,,Linda,,,,,,
A25122,LB-N1-10,?,E.melliodora,LB-N1,1,?,,,,,Linda,,,,,,
A25123,LB-3-1,?,E.melliodora,LB-3,1,?,,,,,Linda,,,,,,
A25124,LB-3-2,?,E.melliodora,LB-3,1,?,,,,,Linda,,,,,,
A25125,LB-3-3,?,E.melliodora,LB-3,1,?,,,,,Linda,,,,,,
A25126,LB-3-4,?,E.melliodora,LB-3,1,?,,,,,Linda,,,,,,
A25127,LB-3-5,?,E.melliodora,LB-3,1,?,,,,,Linda,,,,,,
A25128,LB-3-6,?,E.melliodora,LB-3,1,?,,,,,Linda,,,,,,
A25129,LB-3-7,?,E.melliodora,LB-3,1,?,,,,,Linda,,,,,,
A25130,LB-3-8,?,E.melliodora,LB-3,1,?,,,,,Linda,,,,,,
A25131,LB-3-9,?,E.melliodora,LB-3,1,?,,,,,Linda,,,,,,
A25132,LB-3-10,?,E.melliodora,LB-3,1,?,,,,,Linda,,,,,,
A25133,LB-7-1,?,E.melliodora,LB-7,1,?,,,,,Linda,,,,,,
A25134,LB-7-2,?,E.melliodora,LB-7,1,?,,,,,Linda,,,,,,
A25135,LB-7-3,?,E.melliodora,LB-7,1,?,,,,,Linda,,,,,,
A25136,LB-7-4,?,E.melliodora,LB-7,1,?,,,,,Linda,,,,,,
A25137,LB-7-5,?,E.melliodora,LB-7,1,?,,,,,Linda,,,,,,
A25138,LB-7-6,?,E.melliodora,LB-7,1,?,,,,,Linda,,,,,,
A25139,LB-7-7,?,E.melliodora,LB-7,1,?,,,,,Linda,,,,,,
A25140,LB-B-1,?,E.melliodora,LB-B,1,?,,,,,Linda,,,,,,
A25141,LB-B-2,?,E.melliodora,LB-B,1,?,,,,,Linda,,,,,,
A25142,LB-B-3,?,E.melliodora,LB-B,1,?,,,,,Linda,,,,,,
A25143,LB-B-4,?,E.melliodora,LB-B,1,?,,,,,Linda,,,,,,
A25144,LB-B-5,?,E.melliodora,LB-B,1,?,,,,,Linda,,,,,,
A25145,LB-B-6,?,E.melliodora,LB-B,1,?,,,,,Linda,,,,,,
A25146,LB-B-7,?,E.melliodora,LB-B,1,?,,,,,Linda,,,,,,
A25147,LB-B-8,?,E.melliodora,LB-B,1,?,,,,,Linda,,,,,,
A25148,LB-B-9,?,E.melliodora,LB-B,1,?,,,,,Linda,,,,,,
A25149,LB-B-10,?,E.melliodora,LB-B,1,?,,,,,Linda,,,,,,
A25150,LB-J2-1,?,E.melliodora,LB-J2,1,?,,,,,Linda,,,,,,
A25151,LB-J2-2,?,E.melliodora,LB-J2,1,?,,,,,Linda,,,,,,
A25152,LB-J2-3,?,E.melliodora,LB-J2,1,?,,,,,Linda,,,,,,
A25153,LB-J2-4,?,E.melliodora,LB-J2,1,?,,,,,Linda,,,,,,
A25154,LB-J2-5,?,E.melliodora,LB-J2,1,?,,,,,Linda,,,,,,
A25155,LB-J2-6,?,E.melliodora,LB-J2,1,?,,,,,Linda,,,,,,
A25156,LB-J2-7,?,E.melliodora,LB-J2,1,?,,,,,Linda,,,,,,
A25157,LB-J2-8,?,E.melliodora,LB-J2,1,?,,,,,Linda,,,,,,
A25158,LB-J2-9,?,E.melliodora,LB-J2,1,?,,,,,Linda,,,,,,
A25159,LB-J2-10,?,E.melliodora,LB-J2,1,?,,,,,Linda,,,,,,
A25160,LB-17-1,?,E.melliodora,LB-17,1,?,,,,,Linda,,,,,,
A25161,LB-17-2,?,E.melliodora,LB-17,1,?,,,,,Linda,,,,,,
A25162,LB-17-3,?,E.melliodora,LB-17,1,?,,,,,Linda,,,,,,
A25163,LB-17-4,?,E.melliodora,LB-17,1,?,,,,,Linda,,,,,,
A25164,LB-17-5,?,E.melliodora,LB-17,1,?,,,,,Linda,,,,,,
A25165,LB-17-6,?,E.melliodora,LB-17,1,?,,,,,Linda,,,,,,
A25166,LB-17-7,?,E.melliodora,LB-17,1,?,,,,,Linda,,,,,,
A25167,LB-17-8,?,E.melliodora,LB-17,1,?,,,,,Linda,,,,,,
A25168,LB-17-9,?,E.melliodora,LB-17,1,?,,,,,Linda,,,,,,
A25169,LB-17-10,?,E.melliodora,LB-17,1,?,,,,,Linda,,,,,,
A25170,LB-11-1,?,E.melliodora,LB-11,1,?,,,,,Linda,,,,,,
A25171,LB-11-2,?,E.melliodora,LB-11,1,?,,,,,Linda,,,,,,
A25172,LB-11-3,?,E.melliodora,LB-11,1,?,,,,,Linda,,,,,,
A25173,LB-11-4,?,E.melliodora,LB-11,1,?,,,,,Linda,,,,,,
A25174,LB-11-5,?,E.melliodora,LB-11,1,?,,,,,Linda,,,,,,
A25175,LB-11-6,?,E.melliodora,LB-11,1,?,,,,,Linda,,,,,,
A25176,LB-11-7,?,E.melliodora,LB-11,1,?,,,,,Linda,,,,,,
A25177,LB-11-8,?,E.melliodora,LB-11,1,?,,,,,Linda,,,,,,
A25178,LB-11-9,?,E.melliodora,LB-11,1,?,,,,,Linda,,,,,,
A25179,LB-11-10,?,E.melliodora,LB-11,1,?,,,,,Linda,,,,,,
A25180,LB-I2-1,?,E.melliodora,LB-i2,1,?,,,,,Linda,,,,,,
A25181,LB-I2-2,?,E.melliodora,LB-i2,1,?,,,,,Linda,,,,,,
A25182,LB-I2-3,?,E.melliodora,LB-i2,1,?,,,,,Linda,,,,,,
A25183,LB-I2-4,?,E.melliodora,LB-i2,1,?,,,,,Linda,,,,,,
A25184,LB-I2-5,?,E.melliodora,LB-i2,1,?,,,,,Linda,,,,,,
A25185,LB-I2-6,?,E.melliodora,LB-i2,1,?,,,,,Linda,,,,,,
A25186,LB-I2-7,?,E.melliodora,LB-i2,1,?,,,,,Linda,,,,,,
A25187,LB-I2-8,?,E.melliodora,LB-i2,1,?,,,,,Linda,,,,,,
A25188,LB-I2-9,?,E.melliodora,LB-i2,1,?,,,,,Linda,,,,,,
A25189,LB-I2-10,?,E.melliodora,LB-i2,1,?,,,,,Linda,,,,,,
A25190,LB-16-1,?,E.melliodora,LB-16,1,?,,,,,Linda,,,,,,
A25191,LB-16-2,?,E.melliodora,LB-16,1,?,,,,,Linda,,,,,,
A25192,LB-16-3,?,E.melliodora,LB-16,1,?,,,,,Linda,,,,,,
A25193,LB-16-4,?,E.melliodora,LB-16,1,?,,,,,Linda,,,,,,
A25194,LB-16-5,?,E.melliodora,LB-16,1,?,,,,,Linda,,,,,,
A25195,LB-16-6,?,E.melliodora,LB-16,1,?,,,,,Linda,,,,,,
A25196,LB-16-7,?,E.melliodora,LB-16,1,?,,,,,Linda,,,,,,
A25197,LB-2-1,?,E.melliodora,LB-2,1,?,,,,,Linda,,,,,,
A25198,LB-2-2,?,E.melliodora,LB-2,1,?,,,,,Linda,,,,,,
A25199,LB-2-3,?,E.melliodora,LB-2,1,?,,,,,Linda,,,,,,
A25200,LB-2-4,?,E.melliodora,LB-2,1,?,,,,,Linda,,,,,,
A25201,LB-2-5,?,E.melliodora,LB-2,1,?,,,,,Linda,,,,,,
A25202,LB-2-6,?,E.melliodora,LB-2,1,?,,,,,Linda,,,,,,
A25203,LB-2-7,?,E.melliodora,LB-2,1,?,,,,,Linda,,,,,,
A25204,LB-2-8,?,E.melliodora,LB-2,1,?,,,,,Linda,,,,,,
A25205,LB-2-9,?,E.melliodora,LB-2,1,?,,,,,Linda,,,,,,
A25206,LB-2-10,?,E.melliodora,LB-2,1,?,,,,,Linda,,,,,,
A25207,LB-14-1,?,E.melliodora,LB-14,1,?,,,,,Linda,,,,,,
A25208,LB-14-2,?,E.melliodora,LB-14,1,?,,,,,Linda,,,,,,
A25209,LB-14-3,?,E.melliodora,LB-14,1,?,,,,,Linda,,,,,,
A25210,LB-14-4,?,E.melliodora,LB-14,1,?,,,,,Linda,,,,,,
A25211,LB-14-5,?,E.melliodora,LB-14,1,?,,,,,Linda,,,,,,
A25212,LB-14-6,?,E.melliodora,LB-14,1,?,,,,,Linda,,,,,,
A25213,LB-14-7,?,E.melliodora,LB-14,1,?,,,,,Linda,,,,,,
A25214,LB-14-8,?,E.melliodora,LB-14,1,?,,,,,Linda,,,,,,
A25215,LB-14-9,?,E.melliodora,LB-14,1,?,,,,,Linda,,,,,,
A25216,LB-14-10,?,E.melliodora,LB-14,1,?,,,,,Linda,,,,,,
A25217,LB-5-1,?,E.melliodora,LB-5,1,?,,,,,Linda,,,,,,
A25218,LB-5-2,?,E.melliodora,LB-5,1,?,,,,,Linda,,,,,,
A25219,LB-5-3,?,E.melliodora,LB-5,1,?,,,,,Linda,,,,,,
A25220,LB-5-4,?,E.melliodora,LB-5,1,?,,,,,Linda,,,,,,
A25221,LB-5-5,?,E.melliodora,LB-5,1,?,,,,,Linda,,,,,,
A25222,LB-5-6,?,E.melliodora,LB-5,1,?,,,,,Linda,,,,,,
A25223,LB-5-7,?,E.melliodora,LB-5,1,?,,,,,Linda,,,,,,
A25224,LB-5-8,?,E.melliodora,LB-5,1,?,,,,,Linda,,,,,,
A25225,LB-5-9,?,E.melliodora,LB-5,1,?,,,,,Linda,,,,,,
A25226,LB-5-10,?,E.melliodora,LB-5,1,?,,,,,Linda,,,,,,
A25227,LB-10-1,?,E.melliodora,LB-10,1,?,,,,,Linda,,,,,,
A25228,LB-10-2,?,E.melliodora,LB-10,1,?,,,,,Linda,,,,,,
A25229,LB-10-3,?,E.melliodora,LB-10,1,?,,,,,Linda,,,,,,
A25230,LB-10-4,?,E.melliodora,LB-10,1,?,,,,,Linda,,,,,,
A25231,LB-10-5,?,E.melliodora,LB-10,1,?,,,,,Linda,,,,,,
A25232,LB-10-6,?,E.melliodora,LB-10,1,?,,,,,Linda,,,,,,
A25233,LB-10-7,?,E.melliodora,LB-10,1,?,,,,,Linda,,,,,,
A25234,LB-10-8,?,E.melliodora,LB-10,1,?,,,,,Linda,,,,,,
A25235,LB-10-9,?,E.melliodora,LB-10,1,?,,,,,Linda,,,,,,
A25236,LB-10-10,?,E.melliodora,LB-10,1,?,,,,,Linda,,,,,,
A25237,LB-T1-1,?,E.melliodora,LB-T1,1,?,,,,,Linda,,,,,,
A25238,LB-T1-2,?,E.melliodora,LB-T1,1,?,,,,,Linda,,,,,,
A25239,LB-T1-3,?,E.melliodora,LB-T1,1,?,,,,,Linda,,,,,,
A25240,LB-T1-4,?,E.melliodora,LB-T1,1,?,,,,,Linda,,,,,,
A25241,LB-T1-5,?,E.melliodora,LB-T1,1,?,,,,,Linda,,,,,,
A25242,LB-T1-6,?,E.melliodora,LB-T1,1,?,,,,,Linda,,,,,,
A25243,LB-T1-7,?,E.melliodora,LB-T1,1,?,,,,,Linda,,,,,,
A25244,LB-T1-8,?,E.melliodora,LB-T1,1,?,,,,,Linda,,,,,,
A25245,LB-T1-9,?,E.melliodora,LB-T1,1,?,,,,,Linda,,,,,,
A25246,LB-T1-10,?,E.melliodora,LB-T1,1,?,,,,,Linda,,,,,,
A25247,LB-19-1,?,E.melliodora,LB-19,1,?,,,,,Linda,,,,,,
A25248,LB-19-2,?,E.melliodora,LB-19,1,?,,,,,Linda,,,,,,
A25249,LB-19-3,?,E.melliodora,LB-19,1,?,,,,,Linda,,,,,,
A25250,LB-19-4,?,E.melliodora,LB-19,1,?,,,,,Linda,,,,,,
A25251,LB-19-5,?,E.melliodora,LB-19,1,?,,,,,Linda,,,,,,
A25252,LB-19-6,?,E.melliodora,LB-19,1,?,,,,,Linda,,,,,,
A25253,LB-19-7,?,E.melliodora,LB-19,1,?,,,,,Linda,,,,,,
A25254,LB-19-8,?,E.melliodora,LB-19,1,?,,,,,Linda,,,,,,
A25255,LB-19-9,?,E.melliodora,LB-19,1,?,,,,,Linda,,,,,,
A25256,LB-19-10,?,E.melliodora,LB-19,1,?,,,,,Linda,,,,,,
A25257,LB-K2-1,?,E.melliodora,LB-K2,1,?,,,,,Linda,,,,,,
A25258,LB-K2-2,?,E.melliodora,LB-K2,1,?,,,,,Linda,,,,,,
A25259,LB-K2-3,?,E.melliodora,LB-K2,1,?,,,,,Linda,,,,,,
A25260,LB-K2-4,?,E.melliodora,LB-K2,1,?,,,,,Linda,,,,,,
A25261,LB-K2-5,?,E.melliodora,LB-K2,1,?,,,,,Linda,,,,,,
A25262,LB-K2-6,?,E.melliodora,LB-K2,1,?,,,,,Linda,,,,,,
A25263,LB-K2-7,?,E.melliodora,LB-K2,1,?,,,,,Linda,,,,,,
A25264,LB-K2-8,?,E.melliodora,LB-K2,1,?,,,,,Linda,,,,,,
A25265,LB-K2-9,?,E.melliodora,LB-K2,1,?,,,,,Linda,,,,,,
A25266,LB-K2-10,?,E.melliodora,LB-K2,1,?,,,,,Linda,,,,,,
A25267,LB-20-1,?,E.melliodora,LB-20,1,?,,,,,Linda,,,,,,
A25268,LB-20-2,?,E.melliodora,LB-20,1,?,,,,,Linda,,,,,,
A25269,LB-20-3,?,E.melliodora,LB-20,1,?,,,,,Linda,,,,,,
A25270,LB-20-4,?,E.melliodora,LB-20,1,?,,,,,Linda,,,,,,
A25271,LB-20-5,?,E.melliodora,LB-20,1,?,,,,,Linda,,,,,,
A25272,LB-20-6,?,E.melliodora,LB-20,1,?,,,,,Linda,,,,,,
A25273,LB-20-7,?,E.melliodora,LB-20,1,?,,,,,Linda,,,,,,
A25274,LB-20-8,?,E.melliodora,LB-20,1,?,,,,,Linda,,,,,,
A25275,LB-20-9,?,E.melliodora,LB-20,1,?,,,,,Linda,,,,,,
A25276,LB-20-10,?,E.melliodora,LB-20,1,?,,,,,Linda,,,,,,
A25277,LB-W2-1,?,E.melliodora,LB-W2,1,?,,,,,Linda,,,,,,
A25278,LB-W2-2,?,E.melliodora,LB-W2,1,?,,,,,Linda,,,,,,
A25279,LB-W2-3,?,E.melliodora,LB-W2,1,?,,,,,Linda,,,,,,
A25280,LB-W2-4,?,E.melliodora,LB-W2,1,?,,,,,Linda,,,,,,
A25281,LB-W2-5,?,E.melliodora,LB-W2,1,?,,,,,Linda,,,,,,
A25282,LB-W2-6,?,E.melliodora,LB-W2,1,?,,,,,Linda,,,,,,
A25283,LB-W2-7,?,E.melliodora,LB-W2,1,?,,,,,Linda,,,,,,
A25284,LB-W2-8,?,E.melliodora,LB-W2,1,?,,,,,Linda,,,,,,
A25285,LB-W2-9,?,E.melliodora,LB-W2,1,?,,,,,Linda,,,,,,
A25286,LB-W2-10,?,E.melliodora,LB-W2,1,?,,,,,Linda,,,,,,
A25287,LB-24-1,?,E.melliodora,LB-24,1,?,,,,,Linda,,,,,,
A25288,LB-24-2,?,E.melliodora,LB-24,1,?,,,,,Linda,,,,,,
A25289,LB-24-3,?,E.melliodora,LB-24,1,?,,,,,Linda,,,,,,
A25290,LB-24-4,?,E.melliodora,LB-24,1,?,,,,,Linda,,,,,,
A25291,LB-24-5,?,E.melliodora,LB-24,1,?,,,,,Linda,,,,,,
A25292,LB-24-6,?,E.melliodora,LB-24,1,?,,,,,Linda,,,,,,
A25293,LB-24-7,?,E.melliodora,LB-24,1,?,,,,,Linda,,,,,,
A25294,LB-24-8,?,E.melliodora,LB-24,1,?,,,,,Linda,,,,,,
A25295,LB-24-9,?,E.melliodora,LB-24,1,?,,,,,Linda,,,,,,
A25296,LB-24-10,?,E.melliodora,LB-24,1,?,,,,,Linda,,,,,,
A25297,LB-W3-1,?,E.melliodora,LB-W3,1,?,,,,,Linda,,,,,,
A25298,LB-W3-2,?,E.melliodora,LB-W3,1,?,,,,,Linda,,,,,,
A25299,LB-W3-3,?,E.melliodora,LB-W3,1,?,,,,,Linda,,,,,,
A25300,LB-W3-4,?,E.melliodora,LB-W3,1,?,,,,,Linda,,,,,,
A25301,LB-W3-5,?,E.melliodora,LB-W3,1,?,,,,,Linda,,,,,,
A25302,LB-W3-6,?,E.melliodora,LB-W3,1,?,,,,,Linda,,,,,,
A25303,LB-W3-7,?,E.melliodora,LB-W3,1,?,,,,,Linda,,,,,,
A25304,LB-W3-8,?,E.melliodora,LB-W3,1,?,,,,,Linda,,,,,,
A25305,LB-W3-9,?,E.melliodora,LB-W3,1,?,,,,,Linda,,,,,,
A25306,LB-W3-10,?,E.melliodora,LB-W3,1,?,,,,,Linda,,,,,,
A25307,LB-T3-1,?,E.melliodora,LB-T3,1,?,,,,,Linda,,,,,,
A25308,LB-T3-2,?,E.melliodora,LB-T3,1,?,,,,,Linda,,,,,,
A25309,LB-T3-3,?,E.melliodora,LB-T3,1,?,,,,,Linda,,,,,,
A25310,LB-T3-4,?,E.melliodora,LB-T3,1,?,,,,,Linda,,,,,,
A25311,LB-T3-5,?,E.melliodora,LB-T3,1,?,,,,,Linda,,,,,,
A25312,LB-T3-6,?,E.melliodora,LB-T3,1,?,,,,,Linda,,,,,,
A25313,LB-T3-7,?,E.melliodora,LB-T3,1,?,,,,,Linda,,,,,,
A25314,LB-T3-8,?,E.melliodora,LB-T3,1,?,,,,,Linda,,,,,,
A25315,LB-T3-9,?,E.melliodora,LB-T3,1,?,,,,,Linda,,,,,,
A25316,LB-T3-10,?,E.melliodora,LB-T3,1,?,,,,,Linda,,,,,,
A25317,LB-21-1,?,E.melliodora,LB-21,1,?,,,,,Linda,,,,,,
A25318,LB-21-2,?,E.melliodora,LB-21,1,?,,,,,Linda,,,,,,
A25319,LB-21-3,?,E.melliodora,LB-21,1,?,,,,,Linda,,,,,,
A25320,LB-21-4,?,E.melliodora,LB-21,1,?,,,,,Linda,,,,,,
A25321,LB-21-5,?,E.melliodora,LB-21,1,?,,,,,Linda,,,,,,
A25322,LB-21-6,?,E.melliodora,LB-21,1,?,,,,,Linda,,,,,,
A25323,LB-21-7,?,E.melliodora,LB-21,1,?,,,,,Linda,,,,,,
A25324,LB-21-8,?,E.melliodora,LB-21,1,?,,,,,Linda,,,,,,
A25325,LB-21-9,?,E.melliodora,LB-21,1,?,,,,,Linda,,,,,,
A25326,LB-21-10,?,E.melliodora,LB-21,1,?,,,,,Linda,,,,,,
A25327,LB-T2-1,?,E.melliodora,LB-T2,1,?,,,,,Linda,,,,,,
A25328,LB-T2-2,?,E.melliodora,LB-T2,1,?,,,,,Linda,,,,,,
A25329,LB-T2-3,?,E.melliodora,LB-T2,1,?,,,,,Linda,,,,,,
A25330,LB-T2-4,?,E.melliodora,LB-T2,1,?,,,,,Linda,,,,,,
A25331,LB-T2-5,?,E.melliodora,LB-T2,1,?,,,,,Linda,,,,,,
A25332,LB-T2-6,?,E.melliodora,LB-T2,1,?,,,,,Linda,,,,,,
A25333,LB-T2-7,?,E.melliodora,LB-T2,1,?,,,,,Linda,,,,,,
A25334,LB-T2-8,?,E.melliodora,LB-T2,1,?,,,,,Linda,,,,,,
A25335,LB-T2-9,?,E.melliodora,LB-T2,1,?,,,,,Linda,,,,,,
A25336,LB-T2-10,?,E.melliodora,LB-T2,1,?,,,,,Linda,,,,,,
A25337,LB-13-1,?,E.melliodora,LB-13,1,?,,,,,Linda,,,,,,
A25338,LB-13-2,?,E.melliodora,LB-13,1,?,,,,,Linda,,,,,,
A25339,LB-13-3,?,E.melliodora,LB-13,1,?,,,,,Linda,,,,,,
A25340,LB-13-4,?,E.melliodora,LB-13,1,?,,,,,Linda,,,,,,
A25341,LB-13-5,?,E.melliodora,LB-13,1,?,,,,,Linda,,,,,,
A25342,LB-13-6,?,E.melliodora,LB-13,1,?,,,,,Linda,,,,,,
A25343,LB-26-1,?,E.melliodora,LB-26,1,?,,,,,Linda,,,,,,
A25344,LB-26-2,?,E.melliodora,LB-26,1,?,,,,,Linda,,,,,,
A25345,LB-26-3,?,E.melliodora,LB-26,1,?,,,,,Linda,,,,,,
A25346,LB-26-4,?,E.melliodora,LB-26,1,?,,,,,Linda,,,,,,
A25347,LB-26-5,?,E.melliodora,LB-26,1,?,,,,,Linda,,,,,,
A25348,LB-26-6,?,E.melliodora,LB-26,1,?,,,,,Linda,,,,,,
A25349,LB-26-7,?,E.melliodora,LB-26,1,?,,,,,Linda,,,,,,
A25350,LB-26-8,?,E.melliodora,LB-26,1,?,,,,,Linda,,,,,,
A25351,LB-26-9,?,E.melliodora,LB-26,1,?,,,,,Linda,,,,,,
A25352,LB-26-10,?,E.melliodora,LB-26,1,?,,,,,Linda,,,,,,
A25353,LB-i1-1,?,E.melliodora,LB-i1,1,?,,,,,Linda,,,,,,
A25354,LB-i1-2,?,E.melliodora,LB-i1,1,?,,,,,Linda,,,,,,
A25355,LB-i1-3,?,E.melliodora,LB-i1,1,?,,,,,Linda,,,,,,
A25356,LB-i1-4,?,E.melliodora,LB-i1,1,?,,,,,Linda,,,,,,
A25357,LB-i1-5,?,E.melliodora,LB-i1,1,?,,,,,Linda,,,,,,
A25358,LB-i1-6,?,E.melliodora,LB-i1,1,?,,,,,Linda,,,,,,
A25359,LB-i1-7,?,E.melliodora,LB-i1,1,?,,,,,Linda,,,,,,
A25360,LB-i1-8,?,E.melliodora,LB-i1,1,?,,,,,Linda,,,,,,
A25361,LB-i1-9,?,E.melliodora,LB-i1,1,?,,,,,Linda,,,,,,
A25362,LB-i1-10,?,E.melliodora,LB-i1,1,?,,,,,Linda,,,,,,
A25363,LB-O-1,?,E.melliodora,LB-O,1,?,,,,,Linda,,,,,,
A25364,LB-O-2,?,E.melliodora,LB-O,1,?,,,,,Linda,,,,,,
A25365,LB-O-3,?,E.melliodora,LB-O,1,?,,,,,Linda,,,,,,
A25366,LB-O-4,?,E.melliodora,LB-O,1,?,,,,,Linda,,,,,,
A25367,LB-O-5,?,E.melliodora,LB-O,1,?,,,,,Linda,,,,,,
A25368,LB-O-6,?,E.melliodora,LB-O,1,?,,,,,Linda,,,,,,
A25369,LB-O-7,?,E.melliodora,LB-O,1,?,,,,,Linda,,,,,,
A25370,LB-O-8,?,E.melliodora,LB-O,1,?,,,,,Linda,,,,,,
A25371,LB-O-9,?,E.melliodora,LB-O,1,?,,,,,Linda,,,,,,
A25372,LB-O-10,?,E.melliodora,LB-O,1,?,,,,,Linda,,,,,,
,,,,,,,,,,,,,,,,,
,,,,,,,,,,,,,,,,,
,,,,,,,,,,,,,,,,,
,,,,,,,,,,,,,,,,,
,,,,,,,,,,,,,,,,,
,,,,,,,,,,,,,,,,,
,,,,,,,,,,,,,,,,,
,,,,,,,,,,,,,,,,,
,,,,,,,,,,,,,,,,,
'*we have A20001-30000, use 25001 for melliodora','*LB accessions are from Linda''s collection',,,'*LB populations are from Linda''s collection',,,*need to make sure these are all the same format,,,,,,,,,'*numeric, "none", or "lots"',
